case,vertices,triangles,components,parts,generation_s,export_s,glb_bytes,nodes,meshes,primitives,peak_rss_mb,architecture_sha256,bounds,append_s
lot_1850,4658,8650,177,177,1.0677697000210173,0.06292840803507715,414240,177,177,181,214.91015625,530d91a78e4c904fc60d27f29a68b4b5cea5d8ddeefb25301c6383d3032242c4,"[[23.42059999979443, 40.6551, 0.0], [33.16895876457854, 51.167676262170765, 6.775]]",0.01586053700884804
lot_1977,2572,4914,66,66,0.5195570040377788,0.031368549971375614,216808,66,66,70,214.91015625,2d6e682f4cfee07ba7975de2ff38f701abf6d34d2111fc842b8476d312ccdd59,"[[17.8895, 45.00975575507398, 0.0], [29.585049407076824, 57.2798, 3.468]]",0.021477026981301606
lot_1851,12290,23784,226,226,3.3146233879961073,0.09937003999948502,964788,226,226,232,214.91015625,46b2e75ac07ffa07b55343b94f68e284a1fcd7ed07171e6a718c426373a131ff,"[[28.47083101478059, 30.59269999969353, 0.0], [46.0766, 48.369539818887546, 12.902000000000001]]",0.04524394997861236
lot_1976,8706,15688,457,457,1.6743882090086117,0.1662718029692769,886188,457,457,462,214.91015625,3723fb5e6eb74fd00c74ba34fd115b6c945650f3adc05769baa4c331d2827f31,"[[31.596322035867598, 43.8425, 0.0], [46.58801690057289, 59.49591189964277, 6.634]]",0.07891213096445426
lot_1975,11654,21480,490,490,2.092189271003008,0.14223698404384777,953472,490,490,492,214.91015625,864433043d6eef9e2f5d5d37eeaa64719f88f045de338e172afd7d77012a0f80,"[[23.7019, 52.37473498133214, 0.0], [36.42918996955666, 66.40580328924023, 9.271]]",0.11263342399615794
lot_1831,8868,16200,405,405,1.8603245459962636,0.12171869800658897,880356,405,405,409,214.91015625,02ec3fc47cda0c344445741a489ec4d855b8318ced4767a2016a56685d5b0ca2,"[[11.20692427836201, 49.84249999983846, 0.0], [23.7019, 62.728716415069655, 9.292]]",0.13732395198894665
lot_1980,6154,11484,221,221,1.2369113480090164,0.10295886202948168,537144,221,221,225,214.91015625,dd6d9b0a61ffa507633c7436d5ffc940ca3611098b4d39625c095ad561cf0d6f,"[[39.3267, 38.0302, 0.0], [53.38622084889332, 53.119908500033596, 6.346]]",0.1586334949824959
lot_1973,3462,6420,138,138,0.6270673769759014,0.04811048100236803,316300,138,138,141,214.91015625,fca849ccce354e7849ea00662a07d85defb662c1189f2b4c536e22ad98a5d5f7,"[[17.625133617568377, 57.2798, 0.0], [30.99530886159269, 71.18330489320232, 3.522]]",0.18697956699179485
lot_1849,23076,43930,597,597,5.1915072470437735,0.224364678026177,1942884,597,597,614,214.91015625,4cd68c34340834f70777b6d1d37eaea117ed0169dd23b4c9e453e9686045e198,"[[-0.9477874862113567, -9.2191, 0.0], [58.95150000029278, 55.54780352269812, 6.216]]",0.23604357603471726
lot_1832,12164,22904,377,377,3.0409169959602877,0.13034257403342053,1062960,377,377,382,214.91015625,6d10a0ca971ca7aa97e39d9d120f32c4979eab12429fdd81073a00e899cda3ef,"[[40.2642, 24.6553, 0.0], [60.792019105641984, 47.2664100010293, 9.68]]",0.27352847601287067
lot_1983,17512,33080,513,513,5.028221983986441,0.1840287339873612,1512296,513,513,519,214.91015625,89b3df9e6d8400df253945d11f22b8169fa81ed67d5f32c1b5b41d919c7e75ac,"[[-6.292065111329976, 19.2803, 0.0], [18.827, 41.21828970937992, 12.948]]",0.3028501530061476
lot_1984,13770,26428,291,291,4.8126448090188205,0.1093762600212358,1001116,291,291,295,214.91015625,a6c3738ba19b1bc069177eddf419e9a21212ea31c04238aa9f504c4be3f51db6,"[[47.17039999983115, 21.718, 0.0], [64.07781909468669, 40.76856381459638, 15.426]]",0.33508644002722576
lot_1989,5478,10566,108,108,1.1049772799597122,0.060697210021317005,450324,108,108,119,214.91015625,2fcbff31c27101b7fd50c74c479ef6900c57b29c951d59f33583e2051280ce0a,"[[-11.850466635701494, 11.46799999999892, 0.0], [17.9521, 34.69538793339662, 3.598]]",0.3677057330496609
lot_1987,20238,38380,567,567,4.900360502011608,0.21124553901609033,1533576,567,567,572,214.91015625,f8d61390c405475c1af7041f9fdca02769203d241b5a5903a6bcae539b54cd27,"[[50.57659999973674, 12.905499999884624, 0.0], [75.15582134058441, 37.81925033187078, 12.120000000000001]]",0.41097242798423395
lot_2000,14248,27264,335,335,3.5526971790241078,0.1210498979780823,1022676,335,335,339,214.91015625,7a0135f4129b1c672caafb35ca00b9b699a6ad54ef258dde1be1b3dcfc882a82,"[[-2.561010393781069, -2.724528143531071, 0.0], [15.4521, 16.15530000000108, 12.545]]",0.4158973000012338
lot_1993,8162,15232,288,288,1.9142115539871156,0.11583207902731374,712948,288,288,292,214.91015625,8dfc11c4b7c73bf8d9548e3544e36b8050e7262b65dbd3a79f567bfd9f355539,"[[-17.08138583036829, 14.280399999693266, 0.0], [-2.579, 28.388005337289993, 8.969]]",0.419757243944332
lot_1997,7490,13686,347,347,1.4447159150149673,0.11999247595667839,758964,347,347,352,214.91015625,1ebaece50625cb2c90456dd383952414c01f12d70d8ba7364e528343a67d548e,"[[-20.3308902793452, 2.7437060055373497, 0.0], [8.639600000313738, 22.590200461771463, 3.441]]",0.656603328010533
lot_2002,15092,28112,557,557,4.872493884002324,0.15875288198003545,1363324,557,557,561,214.91015625,4079f062567e29eb9d5db99bc5f1a638ec8169f9b54f03f7fe0449aabbf3c860,"[[4.196709731388785, -14.51347073206537, 0.0], [29.483100000154955, 10.343000000172706, 9.671000000000001]]",0.45622544398065656
lot_1992,4866,9320,114,114,0.8299848070018925,0.058974565006792545,362240,114,114,117,214.91015625,d1c586503f6e4673ed50097926c580dfddcb77ab62202d48ed4b436279a0bec8,"[[67.0451, 15.218099999720758, 0.0], [79.25012421516963, 28.25834785674505, 6.437]]",0.4433112780097872
lot_1999,16610,31268,527,527,3.302055375999771,0.16065711597912014,1277908,527,527,533,214.91015625,74165daa532f5c06a19f81b9493a03d22bf871d9b9923045031d5c8b8d6c9e12,"[[46.17049999970722, -16.506202967492094, 0.0], [83.61877451429494, 18.96800000027924, 6.598]]",0.578948216047138
lot_1995,11024,19838,587,587,2.098483372014016,0.16459663095884025,1119560,587,587,592,214.91015625,4d1accd4d479589f47a7a39d443242681e34d01e827294ab84118bb286f6144a,"[[71.3888, 4.539473592192581, 0.0], [90.58353235502784, 24.88451091965418, 6.0920000000000005]]",0.6924748250166886
lot_2005,13932,26444,382,382,3.702155405015219,0.1393519529956393,1189488,382,382,387,214.91015625,b98b8fab2b5acf0072d420e5910fe538408fbd6d46470594de14263866a844dd,"[[38.0768, -26.0330278292206, 0.0], [65.26227810063078, -0.031799999950145263, 9.013]]",0.7114001709851436
lot_2008,22472,41988,796,796,5.053341405990068,0.28720598202198744,1725812,796,796,800,214.91015625,64289ac24d08b2e655173614b6d6bfb32e530ab893fab16cfa6b557154b446f0,"[[17.808087879618732, -32.779926649085105, 0.0], [50.014200000067504, -1.8443, 8.981]]",0.7665209020487964
lot_2018,5322,9864,212,212,0.8005642509669997,0.0696103620575741,441252,212,212,214,223.0703125,30aafbc40f88e29a01775ec4ea5b76607d6b09eed2e15288b8d3e7047982dc26,"[[38.946887953959774, -37.03058717902251, 0.0], [56.9831742933729, -19.531599999699456, 3.3939999999999997]]",0.8244060570141301
lot_2459,7082,12762,373,373,1.3183750010211952,0.1415798399830237,749708,373,373,378,224.85546875,ecb9451598d28c0c8efc8ebd32f9404aad8cfe36d21f1dc69c0c4959e7ac1cab,"[[88.68281415598602, 21.68911877568831, 0.0], [102.67688040391046, 34.18920000028798, 6.823]]",0.8055105560342781
lot_2941,25950,47786,1109,1109,6.485058807011228,0.38741616799961776,2108420,1109,1109,1111,228.6484375,9b34b77ca4a5d6b693c9b578e6b0697bf323fef6f50b769350b97848436a48f8,"[[-33.59514911798984, 25.346682385448773, 0.0], [-5.016974838043172, 54.92310000028928, 9.533]]",0.9810583870275877
lot_2455,3518,6688,96,96,0.6827887470135465,0.037109678029082716,280312,96,96,100,241.73828125,8ad5f0d0f5b7a50f7853c4bee1c887f19c1bfa27c58179617bfe207ab7973931,"[[66.4893161148455, 42.218122158621775, 0.0], [81.5194000000595, 58.2198, 3.4379999999999997]]",1.0071392899844795
lot_2454,4146,7964,89,89,0.9839066499844193,0.03761812095763162,317296,89,89,93,243.4921875,ae2341c56749f9679c7915e3f801f90ce9fc0e73f2a68b81b4e683261a5938b2,"[[63.58131631110905, 47.97849683262128, 0.0], [75.2512, 60.7179, 6.6290000000000004]]",1.0643148919916712
lot_2453,10728,19944,399,399,2.29355859401403,0.12798481399659067,982928,399,399,405,244.984375,bad7251c38148e9bfd853d05d47534ac8a6eac00628bfe9bfbdb65563745c727,"[[56.6081550264728, 50.10466083614613, 0.0], [72.3612, 66.50900000000733, 9.19]]",1.0090789110399783
lot_2452,8300,15422,313,313,1.6639346640440635,0.11204641702352092,754276,313,313,320,248.7578125,9f8234337a509bf9f69df4c2ddc675f4f39433aa80e485aef4135a6694a004fe,"[[47.67949279749333, 56.16341659841958, 0.0], [65.85133524428873, 74.45460000022499, 6.268000000000001]]",1.0270226320135407
lot_2451,28458,50552,1682,1682,7.306584105012007,0.5179610279737972,3066236,1682,1682,1686,253.359375,aaaf10f2107fe78460e043e94171b76e16929d194cebbf28947e3ef8a9c6b9d8,"[[31.43013656184248, 63.802566829506134, 0.0], [56.7102, 88.84591969409173, 11.966000000000001]]",1.1569008370279334
lot_1826,9484,17566,381,381,1.6559182630153373,0.12341836804989725,757952,381,381,383,272.296875,a30b78435dd5bcdc96bf9a6681f43931a3733781c84e6d04f2ba38596fa13190,"[[55.69289335791809, -54.36967393123375, 0.0], [86.1008, -21.602660375358163, 3.614]]",1.2171023489790969
lot_2020,8268,15740,218,218,1.653439715038985,0.07522508304100484,607712,218,218,221,277.5546875,84aa9f3233dd2068549c3e5f15ff9227753386d04b7bb5eb0e7e2031241631c5,"[[2.3455, -44.8513, 0.0], [22.872782533950748, -23.961072728125373, 6.173]]",1.2317307679913938
lot_1856,4582,8836,89,89,1.012350024015177,0.03708678000839427,343752,89,89,93,280.75390625,1d209944af8e057a5aca90913422244b6a3da3ff779e53c481beb61a6c69bd03,"[[94.70900804826444, -10.465900000032715, 0.0], [109.0066, 2.779791329023777, 6.796]]",1.2565591990132816
lot_1833,4418,8564,75,75,1.0708559649647214,0.05256779305636883,315792,75,75,78,282.83203125,abb5c1e6f128b9488a6fa7a7181ecfb7ef7b30471adbd63f18dce0d77efe9ba3,"[[91.97079255994699, -13.715900000223922, 0.0], [106.3193, -0.6617613039313719, 6.44]]",1.3317027279990725
lot_2012,6706,13034,103,103,1.6707502910285257,0.057929813978262246,486668,103,103,106,284.203125,75638992d28b131953447db1cab2ba925119fcc5d9010c2d3a2ff2e76f64c654,"[[89.27149265825727, -16.965800000028107, 0.0], [103.56930000025471, -4.024661189530374, 9.562000000000001]]",1.2889027490164153
lot_1825,5836,10946,192,192,1.3173486960004084,0.07513017498422414,512556,192,192,196,285.6015625,6d7b11fd1e42b9a4b1edef726da8ab1fdf20d01e5f5c65769fe128802945d19d,"[[84.92451379350365, -21.7157, 0.0], [100.85050000012134, -6.866547336230017, 6.814]]",1.3270680740242824
lot_2015,12560,23304,481,481,3.076823470008094,0.1569439920131117,1171732,481,481,486,288.046875,53282e390aae344f9c08146e0456005f2795406cb5e4e4ff613eb53ea552edd9,"[[76.4593059286806, -31.6531000000787, 0.0], [96.8194, -11.452655948917883, 9.913]]",1.2801471360144205
lot_2458,13550,25858,337,337,2.967327186022885,0.12251659296452999,1006636,337,337,342,293.5390625,bfbfcd3df3e697325db5aaacc0a43019f8a164737e9a6129628fe6f86b67e6ce,"[[79.38041749797193, 28.741420959263813, 0.0], [102.41450000009756, 52.79130000006329, 9.51]]",1.3205693589989096
lot_1901,11474,20618,617,617,2.214101603021845,0.19489945797249675,1172500,617,617,622,299.21484375,b1d9de37a7e382f7b69a7b7072bd196dbd2e8f29c9233089d5e9c58b1befb72e,"[[18.991399999972167, -61.761909087092256, 0.0], [38.82826912902273, -39.516810124065564, 6.521]]",1.4263281199964695
lot_2457,5504,10652,96,96,1.3442982319975272,0.043289649998769164,414200,96,96,100,305.41796875,6478184860c4cc349dbd5f62ba1fbdff041d3ff0054eb46025a4cd2a0a524826,"[[76.3208143278601, 36.80029855230613, 0.0], [93.21830000012332, 55.397700000018546, 6.854]]",1.3538131849491037
lot_1855,14802,27556,554,554,2.7848555910168216,0.201613406999968,1180248,554,554,557,308.12109375,b4a2ecf68eea94cccd6a38dc93e31f8bf148e7b1b9bc12c721fa6cb60c68828a,"[[97.8958, -7.278500000080381, 0.0], [112.20028835979421, 4.533275845612393, 12.466000000000001]]",1.4303691979730502
lot_2460,5398,10152,172,172,1.0903698059846647,0.0580146629945375,461880,172,172,176,314.2578125,3157f87e95706a883ea6c3b5e85442fc2a9e071311cbfbdd1cdaaf571cc8393d,"[[93.32, 26.120716186772416, 0.0], [107.54152741212644, 39.7026, 6.363]]",1.415186534053646
lot_2456,8518,16426,161,161,2.158937052008696,0.06905595195712522,684048,161,161,166,316.71484375,bb9c13d7eed9b5a4767557e705a22c2c4a17ed87b932b94d2b0ddce3176e1640,"[[73.1409155874891, 39.43059746007203, 0.0], [90.1641, 58.5151, 9.216000000000001]]",1.4386459929519333
lot_2003,6686,13228,38,38,1.3299461449496448,0.03332506801234558,412856,38,38,39,319.24609375,f4319c44de4d0e60f691cacea310cc2de91d311f3507d4bc207d707d8daa3750,"[[-39.49690644921214, -16.2894, 0.0], [-13.140482566905595, 8.975225527674883, 6.791]]",1.5289364160271361
lot_2026,19870,36966,728,728,5.029753857990727,0.2645060810027644,1823116,728,728,735,321.05078125,1b0c77ae1589b22d4c9c1359fd8d44b744cc5f705449810399ff6e659c10d71b,"[[7.8767, -56.49050000030997, 0.0], [32.44742721656758, -31.422909758352276, 12.507]]",1.5067483879975043
lot_2602,19760,36418,834,834,3.6709509599604644,0.25072876102058217,1592904,834,834,836,330.453125,d6df320ac3defc977af6a248e9c12b896b2e1dd69cfca30aa1bd483d688e4439,"[[14.134384759822641, 83.8959375030348, 0.0], [31.010215903510044, 100.42590000031007, 11.643]]",1.6402453879709356
lot_1843,21454,38838,1096,1096,5.346147979958914,0.3101542310323566,2208012,1096,1096,1102,341.1015625,3c717190fbb665b653f0b7792cd5c0274ee409abf42e0247e2f3c50a562131db,"[[-24.791900000097776, 49.334406327462766, 0.0], [18.097520914777004, 92.56460626225505, 6.168]]",1.6956406449899077
lot_1994,7836,15548,34,34,1.902739315002691,0.04027316195424646,513080,34,34,37,354.7265625,3a264bf4e801deb916e82eccf5d0f306f56e40f6f2d7437490c048b22e8dc868,"[[-50.791200000272056, 9.755855939634431, 0.0], [-35.213738942765, 25.780091791991254, 11.958]]",1.6839171549654566
lot_1828,7090,13008,316,316,1.465082656010054,0.09514558204682544,700836,316,316,320,354.98828125,a562e71acef252cf63875e130601d804970d7a2d506dc1fc6ce2c9827624012b,"[[45.43199999984777, -67.9606000001284, 0.0], [61.27143106182497, -53.67977265843484, 6.391]]",1.7261085290228948
