filename,lat,lon,alt
YTjFREHWWf3WLOhibSFgkA_view0.jpg,-12.13726654007884,-77.02040812754666,100.0
YTjFREHWWf3WLOhibSFgkA_view1.jpg,-12.13726654007884,-77.02040812754666,100.0
YTjFREHWWf3WLOhibSFgkA_view2.jpg,-12.13726654007884,-77.02040812754666,100.0
YTjFREHWWf3WLOhibSFgkA_view3.jpg,-12.13726654007884,-77.02040812754666,100.0
YTjFREHWWf3WLOhibSFgkA_view4.jpg,-12.13726654007884,-77.02040812754666,100.0
YTjFREHWWf3WLOhibSFgkA_view5.jpg,-12.13726654007884,-77.02040812754666,100.0
YTjFREHWWf3WLOhibSFgkA_view6.jpg,-12.13726654007884,-77.02040812754666,100.0
YTjFREHWWf3WLOhibSFgkA_view7.jpg,-12.13726654007884,-77.02040812754666,100.0
PdOWj9uu56PeuRmQg2BuZw_view0.jpg,-12.13717888081247,-77.02043141166988,100.0
PdOWj9uu56PeuRmQg2BuZw_view1.jpg,-12.13717888081247,-77.02043141166988,100.0
PdOWj9uu56PeuRmQg2BuZw_view2.jpg,-12.13717888081247,-77.02043141166988,100.0
PdOWj9uu56PeuRmQg2BuZw_view3.jpg,-12.13717888081247,-77.02043141166988,100.0
PdOWj9uu56PeuRmQg2BuZw_view4.jpg,-12.13717888081247,-77.02043141166988,100.0
PdOWj9uu56PeuRmQg2BuZw_view5.jpg,-12.13717888081247,-77.02043141166988,100.0
PdOWj9uu56PeuRmQg2BuZw_view6.jpg,-12.13717888081247,-77.02043141166988,100.0
PdOWj9uu56PeuRmQg2BuZw_view7.jpg,-12.13717888081247,-77.02043141166988,100.0
K_C4t86iQzISO2HHr-9Zww_view0.jpg,-12.13723900964843,-77.02050864463524,100.0
K_C4t86iQzISO2HHr-9Zww_view1.jpg,-12.13723900964843,-77.02050864463524,100.0
K_C4t86iQzISO2HHr-9Zww_view2.jpg,-12.13723900964843,-77.02050864463524,100.0
K_C4t86iQzISO2HHr-9Zww_view3.jpg,-12.13723900964843,-77.02050864463524,100.0
K_C4t86iQzISO2HHr-9Zww_view4.jpg,-12.13723900964843,-77.02050864463524,100.0
K_C4t86iQzISO2HHr-9Zww_view5.jpg,-12.13723900964843,-77.02050864463524,100.0
K_C4t86iQzISO2HHr-9Zww_view6.jpg,-12.13723900964843,-77.02050864463524,100.0
K_C4t86iQzISO2HHr-9Zww_view7.jpg,-12.13723900964843,-77.02050864463524,100.0
cFhdra9hpuOK_z1l8KH4zA_view0.jpg,-12.13735454945086,-77.02038501914824,100.0
cFhdra9hpuOK_z1l8KH4zA_view1.jpg,-12.13735454945086,-77.02038501914824,100.0
cFhdra9hpuOK_z1l8KH4zA_view2.jpg,-12.13735454945086,-77.02038501914824,100.0
cFhdra9hpuOK_z1l8KH4zA_view3.jpg,-12.13735454945086,-77.02038501914824,100.0
cFhdra9hpuOK_z1l8KH4zA_view4.jpg,-12.13735454945086,-77.02038501914824,100.0
cFhdra9hpuOK_z1l8KH4zA_view5.jpg,-12.13735454945086,-77.02038501914824,100.0
cFhdra9hpuOK_z1l8KH4zA_view6.jpg,-12.13735454945086,-77.02038501914824,100.0
cFhdra9hpuOK_z1l8KH4zA_view7.jpg,-12.13735454945086,-77.02038501914824,100.0
QCU8z0G1_ZYCNp-3JICF1g_view0.jpg,-12.13653060350378,-77.02075352289275,100.0
QCU8z0G1_ZYCNp-3JICF1g_view1.jpg,-12.13653060350378,-77.02075352289275,100.0
QCU8z0G1_ZYCNp-3JICF1g_view2.jpg,-12.13653060350378,-77.02075352289275,100.0
QCU8z0G1_ZYCNp-3JICF1g_view3.jpg,-12.13653060350378,-77.02075352289275,100.0
QCU8z0G1_ZYCNp-3JICF1g_view4.jpg,-12.13653060350378,-77.02075352289275,100.0
QCU8z0G1_ZYCNp-3JICF1g_view5.jpg,-12.13653060350378,-77.02075352289275,100.0
QCU8z0G1_ZYCNp-3JICF1g_view6.jpg,-12.13653060350378,-77.02075352289275,100.0
QCU8z0G1_ZYCNp-3JICF1g_view7.jpg,-12.13653060350378,-77.02075352289275,100.0
hHkxGTjQRTmvHxTAFdd_Ig_view0.jpg,-12.13657593170372,-77.02063376369196,100.0
hHkxGTjQRTmvHxTAFdd_Ig_view1.jpg,-12.13657593170372,-77.02063376369196,100.0
hHkxGTjQRTmvHxTAFdd_Ig_view2.jpg,-12.13657593170372,-77.02063376369196,100.0
hHkxGTjQRTmvHxTAFdd_Ig_view3.jpg,-12.13657593170372,-77.02063376369196,100.0
hHkxGTjQRTmvHxTAFdd_Ig_view4.jpg,-12.13657593170372,-77.02063376369196,100.0
hHkxGTjQRTmvHxTAFdd_Ig_view5.jpg,-12.13657593170372,-77.02063376369196,100.0
hHkxGTjQRTmvHxTAFdd_Ig_view6.jpg,-12.13657593170372,-77.02063376369196,100.0
hHkxGTjQRTmvHxTAFdd_Ig_view7.jpg,-12.13657593170372,-77.02063376369196,100.0
_gBkuqjeSfFJpfjeMZt8Gw_view0.jpg,-12.13666268851834,-77.0206076679443,100.0
_gBkuqjeSfFJpfjeMZt8Gw_view1.jpg,-12.13666268851834,-77.0206076679443,100.0
_gBkuqjeSfFJpfjeMZt8Gw_view2.jpg,-12.13666268851834,-77.0206076679443,100.0
_gBkuqjeSfFJpfjeMZt8Gw_view3.jpg,-12.13666268851834,-77.0206076679443,100.0
_gBkuqjeSfFJpfjeMZt8Gw_view4.jpg,-12.13666268851834,-77.0206076679443,100.0
_gBkuqjeSfFJpfjeMZt8Gw_view5.jpg,-12.13666268851834,-77.0206076679443,100.0
_gBkuqjeSfFJpfjeMZt8Gw_view6.jpg,-12.13666268851834,-77.0206076679443,100.0
_gBkuqjeSfFJpfjeMZt8Gw_view7.jpg,-12.13666268851834,-77.0206076679443,100.0
G8bbfg7CDBuGsp7IyxDVug_view0.jpg,-12.13674888900107,-77.020582450836,100.0
G8bbfg7CDBuGsp7IyxDVug_view1.jpg,-12.13674888900107,-77.020582450836,100.0
G8bbfg7CDBuGsp7IyxDVug_view2.jpg,-12.13674888900107,-77.020582450836,100.0
G8bbfg7CDBuGsp7IyxDVug_view3.jpg,-12.13674888900107,-77.020582450836,100.0
G8bbfg7CDBuGsp7IyxDVug_view4.jpg,-12.13674888900107,-77.020582450836,100.0
G8bbfg7CDBuGsp7IyxDVug_view5.jpg,-12.13674888900107,-77.020582450836,100.0
G8bbfg7CDBuGsp7IyxDVug_view6.jpg,-12.13674888900107,-77.020582450836,100.0
G8bbfg7CDBuGsp7IyxDVug_view7.jpg,-12.13674888900107,-77.020582450836,100.0
UurI_3rjBG1D6x34Svp1jQ_view0.jpg,-12.13683341441999,-77.0205543341934,100.0
UurI_3rjBG1D6x34Svp1jQ_view1.jpg,-12.13683341441999,-77.0205543341934,100.0
UurI_3rjBG1D6x34Svp1jQ_view2.jpg,-12.13683341441999,-77.0205543341934,100.0
UurI_3rjBG1D6x34Svp1jQ_view3.jpg,-12.13683341441999,-77.0205543341934,100.0
UurI_3rjBG1D6x34Svp1jQ_view4.jpg,-12.13683341441999,-77.0205543341934,100.0
UurI_3rjBG1D6x34Svp1jQ_view5.jpg,-12.13683341441999,-77.0205543341934,100.0
UurI_3rjBG1D6x34Svp1jQ_view6.jpg,-12.13683341441999,-77.0205543341934,100.0
UurI_3rjBG1D6x34Svp1jQ_view7.jpg,-12.13683341441999,-77.0205543341934,100.0
4q0GQl6fAf9WKZ-gUJCTjA_view0.jpg,-12.13692240960826,-77.02052138499455,100.0
4q0GQl6fAf9WKZ-gUJCTjA_view1.jpg,-12.13692240960826,-77.02052138499455,100.0
4q0GQl6fAf9WKZ-gUJCTjA_view2.jpg,-12.13692240960826,-77.02052138499455,100.0
4q0GQl6fAf9WKZ-gUJCTjA_view3.jpg,-12.13692240960826,-77.02052138499455,100.0
4q0GQl6fAf9WKZ-gUJCTjA_view4.jpg,-12.13692240960826,-77.02052138499455,100.0
4q0GQl6fAf9WKZ-gUJCTjA_view5.jpg,-12.13692240960826,-77.02052138499455,100.0
4q0GQl6fAf9WKZ-gUJCTjA_view6.jpg,-12.13692240960826,-77.02052138499455,100.0
4q0GQl6fAf9WKZ-gUJCTjA_view7.jpg,-12.13692240960826,-77.02052138499455,100.0
m2MCED4Nn5z7FJFQ0JcNBQ_view0.jpg,-12.13700819197678,-77.02048553625602,100.0
m2MCED4Nn5z7FJFQ0JcNBQ_view1.jpg,-12.13700819197678,-77.02048553625602,100.0
m2MCED4Nn5z7FJFQ0JcNBQ_view2.jpg,-12.13700819197678,-77.02048553625602,100.0
m2MCED4Nn5z7FJFQ0JcNBQ_view3.jpg,-12.13700819197678,-77.02048553625602,100.0
m2MCED4Nn5z7FJFQ0JcNBQ_view4.jpg,-12.13700819197678,-77.02048553625602,100.0
m2MCED4Nn5z7FJFQ0JcNBQ_view5.jpg,-12.13700819197678,-77.02048553625602,100.0
m2MCED4Nn5z7FJFQ0JcNBQ_view6.jpg,-12.13700819197678,-77.02048553625602,100.0
m2MCED4Nn5z7FJFQ0JcNBQ_view7.jpg,-12.13700819197678,-77.02048553625602,100.0
V1pHUnXbbIMvBXmdSCpc0g_view0.jpg,-12.13709245491224,-77.02045908901808,100.0
V1pHUnXbbIMvBXmdSCpc0g_view1.jpg,-12.13709245491224,-77.02045908901808,100.0
V1pHUnXbbIMvBXmdSCpc0g_view2.jpg,-12.13709245491224,-77.02045908901808,100.0
V1pHUnXbbIMvBXmdSCpc0g_view3.jpg,-12.13709245491224,-77.02045908901808,100.0
V1pHUnXbbIMvBXmdSCpc0g_view4.jpg,-12.13709245491224,-77.02045908901808,100.0
V1pHUnXbbIMvBXmdSCpc0g_view5.jpg,-12.13709245491224,-77.02045908901808,100.0
V1pHUnXbbIMvBXmdSCpc0g_view6.jpg,-12.13709245491224,-77.02045908901808,100.0
V1pHUnXbbIMvBXmdSCpc0g_view7.jpg,-12.13709245491224,-77.02045908901808,100.0
A7bCE201HX66nanCN-1vlw_view0.jpg,-12.1372659238703,-77.0206024839399,100.0
A7bCE201HX66nanCN-1vlw_view1.jpg,-12.1372659238703,-77.0206024839399,100.0
A7bCE201HX66nanCN-1vlw_view2.jpg,-12.1372659238703,-77.0206024839399,100.0
A7bCE201HX66nanCN-1vlw_view3.jpg,-12.1372659238703,-77.0206024839399,100.0
A7bCE201HX66nanCN-1vlw_view4.jpg,-12.1372659238703,-77.0206024839399,100.0
A7bCE201HX66nanCN-1vlw_view5.jpg,-12.1372659238703,-77.0206024839399,100.0
A7bCE201HX66nanCN-1vlw_view6.jpg,-12.1372659238703,-77.0206024839399,100.0
A7bCE201HX66nanCN-1vlw_view7.jpg,-12.1372659238703,-77.0206024839399,100.0
v2_FCuQOsKS1qAzQOfJOXQ_view0.jpg,-12.13729383665137,-77.02068674595019,100.0
v2_FCuQOsKS1qAzQOfJOXQ_view1.jpg,-12.13729383665137,-77.02068674595019,100.0
v2_FCuQOsKS1qAzQOfJOXQ_view2.jpg,-12.13729383665137,-77.02068674595019,100.0
v2_FCuQOsKS1qAzQOfJOXQ_view3.jpg,-12.13729383665137,-77.02068674595019,100.0
v2_FCuQOsKS1qAzQOfJOXQ_view4.jpg,-12.13729383665137,-77.02068674595019,100.0
v2_FCuQOsKS1qAzQOfJOXQ_view5.jpg,-12.13729383665137,-77.02068674595019,100.0
v2_FCuQOsKS1qAzQOfJOXQ_view6.jpg,-12.13729383665137,-77.02068674595019,100.0
v2_FCuQOsKS1qAzQOfJOXQ_view7.jpg,-12.13729383665137,-77.02068674595019,100.0
qnBZDbatrnWxpGk-jDBipg_view0.jpg,-12.13732246816159,-77.02077355596835,100.0
qnBZDbatrnWxpGk-jDBipg_view1.jpg,-12.13732246816159,-77.02077355596835,100.0
qnBZDbatrnWxpGk-jDBipg_view2.jpg,-12.13732246816159,-77.02077355596835,100.0
qnBZDbatrnWxpGk-jDBipg_view3.jpg,-12.13732246816159,-77.02077355596835,100.0
qnBZDbatrnWxpGk-jDBipg_view4.jpg,-12.13732246816159,-77.02077355596835,100.0
qnBZDbatrnWxpGk-jDBipg_view5.jpg,-12.13732246816159,-77.02077355596835,100.0
qnBZDbatrnWxpGk-jDBipg_view6.jpg,-12.13732246816159,-77.02077355596835,100.0
qnBZDbatrnWxpGk-jDBipg_view7.jpg,-12.13732246816159,-77.02077355596835,100.0
xU1NyArEUgGCA5CDmBViPg_view0.jpg,-12.13735833829797,-77.02086168388873,100.0
xU1NyArEUgGCA5CDmBViPg_view1.jpg,-12.13735833829797,-77.02086168388873,100.0
xU1NyArEUgGCA5CDmBViPg_view2.jpg,-12.13735833829797,-77.02086168388873,100.0
xU1NyArEUgGCA5CDmBViPg_view3.jpg,-12.13735833829797,-77.02086168388873,100.0
xU1NyArEUgGCA5CDmBViPg_view4.jpg,-12.13735833829797,-77.02086168388873,100.0
xU1NyArEUgGCA5CDmBViPg_view5.jpg,-12.13735833829797,-77.02086168388873,100.0
xU1NyArEUgGCA5CDmBViPg_view6.jpg,-12.13735833829797,-77.02086168388873,100.0
xU1NyArEUgGCA5CDmBViPg_view7.jpg,-12.13735833829797,-77.02086168388873,100.0
c6FpbzFIV7_xMHMyxeEvog_view0.jpg,-12.13738900764789,-77.02094823018882,100.0
c6FpbzFIV7_xMHMyxeEvog_view1.jpg,-12.13738900764789,-77.02094823018882,100.0
c6FpbzFIV7_xMHMyxeEvog_view2.jpg,-12.13738900764789,-77.02094823018882,100.0
c6FpbzFIV7_xMHMyxeEvog_view3.jpg,-12.13738900764789,-77.02094823018882,100.0
c6FpbzFIV7_xMHMyxeEvog_view4.jpg,-12.13738900764789,-77.02094823018882,100.0
c6FpbzFIV7_xMHMyxeEvog_view5.jpg,-12.13738900764789,-77.02094823018882,100.0
c6FpbzFIV7_xMHMyxeEvog_view6.jpg,-12.13738900764789,-77.02094823018882,100.0
c6FpbzFIV7_xMHMyxeEvog_view7.jpg,-12.13738900764789,-77.02094823018882,100.0
n1s-x3NdSNtT06ctofnyVA_view0.jpg,-12.13741277155797,-77.02103688516713,100.0
n1s-x3NdSNtT06ctofnyVA_view1.jpg,-12.13741277155797,-77.02103688516713,100.0
n1s-x3NdSNtT06ctofnyVA_view2.jpg,-12.13741277155797,-77.02103688516713,100.0
n1s-x3NdSNtT06ctofnyVA_view3.jpg,-12.13741277155797,-77.02103688516713,100.0
n1s-x3NdSNtT06ctofnyVA_view4.jpg,-12.13741277155797,-77.02103688516713,100.0
n1s-x3NdSNtT06ctofnyVA_view5.jpg,-12.13741277155797,-77.02103688516713,100.0
n1s-x3NdSNtT06ctofnyVA_view6.jpg,-12.13741277155797,-77.02103688516713,100.0
n1s-x3NdSNtT06ctofnyVA_view7.jpg,-12.13741277155797,-77.02103688516713,100.0
FQoZOt8ooPwCOXeJhPwBvQ_view0.jpg,-12.13743688531202,-77.02112931823699,100.0
FQoZOt8ooPwCOXeJhPwBvQ_view1.jpg,-12.13743688531202,-77.02112931823699,100.0
FQoZOt8ooPwCOXeJhPwBvQ_view2.jpg,-12.13743688531202,-77.02112931823699,100.0
FQoZOt8ooPwCOXeJhPwBvQ_view3.jpg,-12.13743688531202,-77.02112931823699,100.0
FQoZOt8ooPwCOXeJhPwBvQ_view4.jpg,-12.13743688531202,-77.02112931823699,100.0
FQoZOt8ooPwCOXeJhPwBvQ_view5.jpg,-12.13743688531202,-77.02112931823699,100.0
FQoZOt8ooPwCOXeJhPwBvQ_view6.jpg,-12.13743688531202,-77.02112931823699,100.0
FQoZOt8ooPwCOXeJhPwBvQ_view7.jpg,-12.13743688531202,-77.02112931823699,100.0
B7kEQvGMnbSB5FPlv9tSkg_view0.jpg,-12.13746354552143,-77.02121779735471,100.0
B7kEQvGMnbSB5FPlv9tSkg_view1.jpg,-12.13746354552143,-77.02121779735471,100.0
B7kEQvGMnbSB5FPlv9tSkg_view2.jpg,-12.13746354552143,-77.02121779735471,100.0
B7kEQvGMnbSB5FPlv9tSkg_view3.jpg,-12.13746354552143,-77.02121779735471,100.0
B7kEQvGMnbSB5FPlv9tSkg_view4.jpg,-12.13746354552143,-77.02121779735471,100.0
B7kEQvGMnbSB5FPlv9tSkg_view5.jpg,-12.13746354552143,-77.02121779735471,100.0
B7kEQvGMnbSB5FPlv9tSkg_view6.jpg,-12.13746354552143,-77.02121779735471,100.0
B7kEQvGMnbSB5FPlv9tSkg_view7.jpg,-12.13746354552143,-77.02121779735471,100.0
b0KM-CAUNfDrDMJn2Z6JXQ_view0.jpg,-12.13804757291897,-77.02014716933118,100.0
b0KM-CAUNfDrDMJn2Z6JXQ_view1.jpg,-12.13804757291897,-77.02014716933118,100.0
b0KM-CAUNfDrDMJn2Z6JXQ_view2.jpg,-12.13804757291897,-77.02014716933118,100.0
b0KM-CAUNfDrDMJn2Z6JXQ_view3.jpg,-12.13804757291897,-77.02014716933118,100.0
b0KM-CAUNfDrDMJn2Z6JXQ_view4.jpg,-12.13804757291897,-77.02014716933118,100.0
b0KM-CAUNfDrDMJn2Z6JXQ_view5.jpg,-12.13804757291897,-77.02014716933118,100.0
b0KM-CAUNfDrDMJn2Z6JXQ_view6.jpg,-12.13804757291897,-77.02014716933118,100.0
b0KM-CAUNfDrDMJn2Z6JXQ_view7.jpg,-12.13804757291897,-77.02014716933118,100.0
eP2LcZS6IY0XVPGJU6-jUQ_view0.jpg,-12.1379611466728,-77.02017124428772,100.0
eP2LcZS6IY0XVPGJU6-jUQ_view1.jpg,-12.1379611466728,-77.02017124428772,100.0
eP2LcZS6IY0XVPGJU6-jUQ_view2.jpg,-12.1379611466728,-77.02017124428772,100.0
eP2LcZS6IY0XVPGJU6-jUQ_view3.jpg,-12.1379611466728,-77.02017124428772,100.0
eP2LcZS6IY0XVPGJU6-jUQ_view4.jpg,-12.1379611466728,-77.02017124428772,100.0
eP2LcZS6IY0XVPGJU6-jUQ_view5.jpg,-12.1379611466728,-77.02017124428772,100.0
eP2LcZS6IY0XVPGJU6-jUQ_view6.jpg,-12.1379611466728,-77.02017124428772,100.0
eP2LcZS6IY0XVPGJU6-jUQ_view7.jpg,-12.1379611466728,-77.02017124428772,100.0
en0N4jp8vaNoqRORIQSulA_view0.jpg,-12.13787743311858,-77.02020208482726,100.0
en0N4jp8vaNoqRORIQSulA_view1.jpg,-12.13787743311858,-77.02020208482726,100.0
en0N4jp8vaNoqRORIQSulA_view2.jpg,-12.13787743311858,-77.02020208482726,100.0
en0N4jp8vaNoqRORIQSulA_view3.jpg,-12.13787743311858,-77.02020208482726,100.0
en0N4jp8vaNoqRORIQSulA_view4.jpg,-12.13787743311858,-77.02020208482726,100.0
en0N4jp8vaNoqRORIQSulA_view5.jpg,-12.13787743311858,-77.02020208482726,100.0
en0N4jp8vaNoqRORIQSulA_view6.jpg,-12.13787743311858,-77.02020208482726,100.0
en0N4jp8vaNoqRORIQSulA_view7.jpg,-12.13787743311858,-77.02020208482726,100.0
fuVIOAluI9Y8LYeWjL8D9A_view0.jpg,-12.13779211289981,-77.0202368792727,100.0
fuVIOAluI9Y8LYeWjL8D9A_view1.jpg,-12.13779211289981,-77.0202368792727,100.0
fuVIOAluI9Y8LYeWjL8D9A_view2.jpg,-12.13779211289981,-77.0202368792727,100.0
fuVIOAluI9Y8LYeWjL8D9A_view3.jpg,-12.13779211289981,-77.0202368792727,100.0
fuVIOAluI9Y8LYeWjL8D9A_view4.jpg,-12.13779211289981,-77.0202368792727,100.0
fuVIOAluI9Y8LYeWjL8D9A_view5.jpg,-12.13779211289981,-77.0202368792727,100.0
fuVIOAluI9Y8LYeWjL8D9A_view6.jpg,-12.13779211289981,-77.0202368792727,100.0
fuVIOAluI9Y8LYeWjL8D9A_view7.jpg,-12.13779211289981,-77.0202368792727,100.0
pcLCh-gbWrflNrNApQYT7A_view0.jpg,-12.13770836595651,-77.02027061933146,100.0
pcLCh-gbWrflNrNApQYT7A_view1.jpg,-12.13770836595651,-77.02027061933146,100.0
pcLCh-gbWrflNrNApQYT7A_view2.jpg,-12.13770836595651,-77.02027061933146,100.0
pcLCh-gbWrflNrNApQYT7A_view3.jpg,-12.13770836595651,-77.02027061933146,100.0
pcLCh-gbWrflNrNApQYT7A_view4.jpg,-12.13770836595651,-77.02027061933146,100.0
pcLCh-gbWrflNrNApQYT7A_view5.jpg,-12.13770836595651,-77.02027061933146,100.0
pcLCh-gbWrflNrNApQYT7A_view6.jpg,-12.13770836595651,-77.02027061933146,100.0
pcLCh-gbWrflNrNApQYT7A_view7.jpg,-12.13770836595651,-77.02027061933146,100.0
B7M0V5RvVnisCRhKGv1fig_view0.jpg,-12.13762166878584,-77.02029979041636,100.0
B7M0V5RvVnisCRhKGv1fig_view1.jpg,-12.13762166878584,-77.02029979041636,100.0
B7M0V5RvVnisCRhKGv1fig_view2.jpg,-12.13762166878584,-77.02029979041636,100.0
B7M0V5RvVnisCRhKGv1fig_view3.jpg,-12.13762166878584,-77.02029979041636,100.0
B7M0V5RvVnisCRhKGv1fig_view4.jpg,-12.13762166878584,-77.02029979041636,100.0
B7M0V5RvVnisCRhKGv1fig_view5.jpg,-12.13762166878584,-77.02029979041636,100.0
B7M0V5RvVnisCRhKGv1fig_view6.jpg,-12.13762166878584,-77.02029979041636,100.0
B7M0V5RvVnisCRhKGv1fig_view7.jpg,-12.13762166878584,-77.02029979041636,100.0
JKn_tgdP7aXBiAHzAPzfdw_view0.jpg,-12.1375356051563,-77.02032790711803,100.0
JKn_tgdP7aXBiAHzAPzfdw_view1.jpg,-12.1375356051563,-77.02032790711803,100.0
JKn_tgdP7aXBiAHzAPzfdw_view2.jpg,-12.1375356051563,-77.02032790711803,100.0
JKn_tgdP7aXBiAHzAPzfdw_view3.jpg,-12.1375356051563,-77.02032790711803,100.0
JKn_tgdP7aXBiAHzAPzfdw_view4.jpg,-12.1375356051563,-77.02032790711803,100.0
JKn_tgdP7aXBiAHzAPzfdw_view5.jpg,-12.1375356051563,-77.02032790711803,100.0
JKn_tgdP7aXBiAHzAPzfdw_view6.jpg,-12.1375356051563,-77.02032790711803,100.0
JKn_tgdP7aXBiAHzAPzfdw_view7.jpg,-12.1375356051563,-77.02032790711803,100.0
M4mti-GJg-e_Z8MGyF072A_view0.jpg,-12.13744177153721,-77.02035611167786,100.0
M4mti-GJg-e_Z8MGyF072A_view1.jpg,-12.13744177153721,-77.02035611167786,100.0
M4mti-GJg-e_Z8MGyF072A_view2.jpg,-12.13744177153721,-77.02035611167786,100.0
M4mti-GJg-e_Z8MGyF072A_view3.jpg,-12.13744177153721,-77.02035611167786,100.0
M4mti-GJg-e_Z8MGyF072A_view4.jpg,-12.13744177153721,-77.02035611167786,100.0
M4mti-GJg-e_Z8MGyF072A_view5.jpg,-12.13744177153721,-77.02035611167786,100.0
M4mti-GJg-e_Z8MGyF072A_view6.jpg,-12.13744177153721,-77.02035611167786,100.0
M4mti-GJg-e_Z8MGyF072A_view7.jpg,-12.13744177153721,-77.02035611167786,100.0
oXIBmXXkpcXdIJapjea3pg_view0.jpg,-12.13647230406979,-77.02057243428284,100.0
oXIBmXXkpcXdIJapjea3pg_view1.jpg,-12.13647230406979,-77.02057243428284,100.0
oXIBmXXkpcXdIJapjea3pg_view2.jpg,-12.13647230406979,-77.02057243428284,100.0
oXIBmXXkpcXdIJapjea3pg_view3.jpg,-12.13647230406979,-77.02057243428284,100.0
oXIBmXXkpcXdIJapjea3pg_view4.jpg,-12.13647230406979,-77.02057243428284,100.0
oXIBmXXkpcXdIJapjea3pg_view5.jpg,-12.13647230406979,-77.02057243428284,100.0
oXIBmXXkpcXdIJapjea3pg_view6.jpg,-12.13647230406979,-77.02057243428284,100.0
oXIBmXXkpcXdIJapjea3pg_view7.jpg,-12.13647230406979,-77.02057243428284,100.0
rhsc-uaV30MYqmu6omVFPQ_view0.jpg,-12.13649954291562,-77.02066592208033,100.0
rhsc-uaV30MYqmu6omVFPQ_view1.jpg,-12.13649954291562,-77.02066592208033,100.0
rhsc-uaV30MYqmu6omVFPQ_view2.jpg,-12.13649954291562,-77.02066592208033,100.0
rhsc-uaV30MYqmu6omVFPQ_view3.jpg,-12.13649954291562,-77.02066592208033,100.0
rhsc-uaV30MYqmu6omVFPQ_view4.jpg,-12.13649954291562,-77.02066592208033,100.0
rhsc-uaV30MYqmu6omVFPQ_view5.jpg,-12.13649954291562,-77.02066592208033,100.0
rhsc-uaV30MYqmu6omVFPQ_view6.jpg,-12.13649954291562,-77.02066592208033,100.0
rhsc-uaV30MYqmu6omVFPQ_view7.jpg,-12.13649954291562,-77.02066592208033,100.0
e96ZvkZafjLCzxx8lMGI1w_view0.jpg,-12.13748911176526,-77.0213066278637,100.0
e96ZvkZafjLCzxx8lMGI1w_view1.jpg,-12.13748911176526,-77.0213066278637,100.0
e96ZvkZafjLCzxx8lMGI1w_view2.jpg,-12.13748911176526,-77.0213066278637,100.0
e96ZvkZafjLCzxx8lMGI1w_view3.jpg,-12.13748911176526,-77.0213066278637,100.0
e96ZvkZafjLCzxx8lMGI1w_view4.jpg,-12.13748911176526,-77.0213066278637,100.0
e96ZvkZafjLCzxx8lMGI1w_view5.jpg,-12.13748911176526,-77.0213066278637,100.0
e96ZvkZafjLCzxx8lMGI1w_view6.jpg,-12.13748911176526,-77.0213066278637,100.0
e96ZvkZafjLCzxx8lMGI1w_view7.jpg,-12.13748911176526,-77.0213066278637,100.0
u8P2HI4utsomaBhZIAk2uw_view0.jpg,-12.13813809758992,-77.02012845412443,100.0
u8P2HI4utsomaBhZIAk2uw_view1.jpg,-12.13813809758992,-77.02012845412443,100.0
u8P2HI4utsomaBhZIAk2uw_view2.jpg,-12.13813809758992,-77.02012845412443,100.0
u8P2HI4utsomaBhZIAk2uw_view3.jpg,-12.13813809758992,-77.02012845412443,100.0
u8P2HI4utsomaBhZIAk2uw_view4.jpg,-12.13813809758992,-77.02012845412443,100.0
u8P2HI4utsomaBhZIAk2uw_view5.jpg,-12.13813809758992,-77.02012845412443,100.0
u8P2HI4utsomaBhZIAk2uw_view6.jpg,-12.13813809758992,-77.02012845412443,100.0
u8P2HI4utsomaBhZIAk2uw_view7.jpg,-12.13813809758992,-77.02012845412443,100.0
EEoQ2DLkJQnlbkmu0KQ2Hw_view0.jpg,-12.13655917808753,-77.02084455034989,100.0
EEoQ2DLkJQnlbkmu0KQ2Hw_view1.jpg,-12.13655917808753,-77.02084455034989,100.0
EEoQ2DLkJQnlbkmu0KQ2Hw_view2.jpg,-12.13655917808753,-77.02084455034989,100.0
EEoQ2DLkJQnlbkmu0KQ2Hw_view3.jpg,-12.13655917808753,-77.02084455034989,100.0
EEoQ2DLkJQnlbkmu0KQ2Hw_view4.jpg,-12.13655917808753,-77.02084455034989,100.0
EEoQ2DLkJQnlbkmu0KQ2Hw_view5.jpg,-12.13655917808753,-77.02084455034989,100.0
EEoQ2DLkJQnlbkmu0KQ2Hw_view6.jpg,-12.13655917808753,-77.02084455034989,100.0
EEoQ2DLkJQnlbkmu0KQ2Hw_view7.jpg,-12.13655917808753,-77.02084455034989,100.0
SiPACdBVmINpGRsN-Jrc0Q_view0.jpg,-12.13628175496211,-77.01995307580239,100.0
SiPACdBVmINpGRsN-Jrc0Q_view1.jpg,-12.13628175496211,-77.01995307580239,100.0
SiPACdBVmINpGRsN-Jrc0Q_view2.jpg,-12.13628175496211,-77.01995307580239,100.0
SiPACdBVmINpGRsN-Jrc0Q_view3.jpg,-12.13628175496211,-77.01995307580239,100.0
SiPACdBVmINpGRsN-Jrc0Q_view4.jpg,-12.13628175496211,-77.01995307580239,100.0
SiPACdBVmINpGRsN-Jrc0Q_view5.jpg,-12.13628175496211,-77.01995307580239,100.0
SiPACdBVmINpGRsN-Jrc0Q_view6.jpg,-12.13628175496211,-77.01995307580239,100.0
SiPACdBVmINpGRsN-Jrc0Q_view7.jpg,-12.13628175496211,-77.01995307580239,100.0
ju4hLZjWLK-OxRJLQgncNg_view0.jpg,-12.13630942955883,-77.02004313734717,100.0
ju4hLZjWLK-OxRJLQgncNg_view1.jpg,-12.13630942955883,-77.02004313734717,100.0
ju4hLZjWLK-OxRJLQgncNg_view2.jpg,-12.13630942955883,-77.02004313734717,100.0
ju4hLZjWLK-OxRJLQgncNg_view3.jpg,-12.13630942955883,-77.02004313734717,100.0
ju4hLZjWLK-OxRJLQgncNg_view4.jpg,-12.13630942955883,-77.02004313734717,100.0
ju4hLZjWLK-OxRJLQgncNg_view5.jpg,-12.13630942955883,-77.02004313734717,100.0
ju4hLZjWLK-OxRJLQgncNg_view6.jpg,-12.13630942955883,-77.02004313734717,100.0
ju4hLZjWLK-OxRJLQgncNg_view7.jpg,-12.13630942955883,-77.02004313734717,100.0
za0A_gMu29jtBO8jtdwuYA_view0.jpg,-12.13633721038727,-77.02013363814912,100.0
za0A_gMu29jtBO8jtdwuYA_view1.jpg,-12.13633721038727,-77.02013363814912,100.0
za0A_gMu29jtBO8jtdwuYA_view2.jpg,-12.13633721038727,-77.02013363814912,100.0
za0A_gMu29jtBO8jtdwuYA_view3.jpg,-12.13633721038727,-77.02013363814912,100.0
za0A_gMu29jtBO8jtdwuYA_view4.jpg,-12.13633721038727,-77.02013363814912,100.0
za0A_gMu29jtBO8jtdwuYA_view5.jpg,-12.13633721038727,-77.02013363814912,100.0
za0A_gMu29jtBO8jtdwuYA_view6.jpg,-12.13633721038727,-77.02013363814912,100.0
za0A_gMu29jtBO8jtdwuYA_view7.jpg,-12.13633721038727,-77.02013363814912,100.0
JKj2d_upx0thB7UI1dM3bA_view0.jpg,-12.1363634265024,-77.020221766535,100.0
JKj2d_upx0thB7UI1dM3bA_view1.jpg,-12.1363634265024,-77.020221766535,100.0
JKj2d_upx0thB7UI1dM3bA_view2.jpg,-12.1363634265024,-77.020221766535,100.0
JKj2d_upx0thB7UI1dM3bA_view3.jpg,-12.1363634265024,-77.020221766535,100.0
JKj2d_upx0thB7UI1dM3bA_view4.jpg,-12.1363634265024,-77.020221766535,100.0
JKj2d_upx0thB7UI1dM3bA_view5.jpg,-12.1363634265024,-77.020221766535,100.0
JKj2d_upx0thB7UI1dM3bA_view6.jpg,-12.1363634265024,-77.020221766535,100.0
JKj2d_upx0thB7UI1dM3bA_view7.jpg,-12.1363634265024,-77.020221766535,100.0
XzzKFTAdlGR9JIXWpv8QMQ_view0.jpg,-12.13639339953645,-77.02030804969814,100.0
XzzKFTAdlGR9JIXWpv8QMQ_view1.jpg,-12.13639339953645,-77.02030804969814,100.0
XzzKFTAdlGR9JIXWpv8QMQ_view2.jpg,-12.13639339953645,-77.02030804969814,100.0
XzzKFTAdlGR9JIXWpv8QMQ_view3.jpg,-12.13639339953645,-77.02030804969814,100.0
XzzKFTAdlGR9JIXWpv8QMQ_view4.jpg,-12.13639339953645,-77.02030804969814,100.0
XzzKFTAdlGR9JIXWpv8QMQ_view5.jpg,-12.13639339953645,-77.02030804969814,100.0
XzzKFTAdlGR9JIXWpv8QMQ_view6.jpg,-12.13639339953645,-77.02030804969814,100.0
XzzKFTAdlGR9JIXWpv8QMQ_view7.jpg,-12.13639339953645,-77.02030804969814,100.0
aG2n9_9fu78-TA5fhBcdrg_view0.jpg,-12.13641649634667,-77.02039705660347,100.0
aG2n9_9fu78-TA5fhBcdrg_view1.jpg,-12.13641649634667,-77.02039705660347,100.0
aG2n9_9fu78-TA5fhBcdrg_view2.jpg,-12.13641649634667,-77.02039705660347,100.0
aG2n9_9fu78-TA5fhBcdrg_view3.jpg,-12.13641649634667,-77.02039705660347,100.0
aG2n9_9fu78-TA5fhBcdrg_view4.jpg,-12.13641649634667,-77.02039705660347,100.0
aG2n9_9fu78-TA5fhBcdrg_view5.jpg,-12.13641649634667,-77.02039705660347,100.0
aG2n9_9fu78-TA5fhBcdrg_view6.jpg,-12.13641649634667,-77.02039705660347,100.0
aG2n9_9fu78-TA5fhBcdrg_view7.jpg,-12.13641649634667,-77.02039705660347,100.0
t9imnpJ3P0Gq6DyXmqSvng_view0.jpg,-12.13644510664406,-77.02048342750635,100.0
t9imnpJ3P0Gq6DyXmqSvng_view1.jpg,-12.13644510664406,-77.02048342750635,100.0
t9imnpJ3P0Gq6DyXmqSvng_view2.jpg,-12.13644510664406,-77.02048342750635,100.0
t9imnpJ3P0Gq6DyXmqSvng_view3.jpg,-12.13644510664406,-77.02048342750635,100.0
t9imnpJ3P0Gq6DyXmqSvng_view4.jpg,-12.13644510664406,-77.02048342750635,100.0
t9imnpJ3P0Gq6DyXmqSvng_view5.jpg,-12.13644510664406,-77.02048342750635,100.0
t9imnpJ3P0Gq6DyXmqSvng_view6.jpg,-12.13644510664406,-77.02048342750635,100.0
t9imnpJ3P0Gq6DyXmqSvng_view7.jpg,-12.13644510664406,-77.02048342750635,100.0
